algorithm_name,total_steps,steps_first_door,steps_first_key,steps_first_corridor,total_run,total_wins,total_lost,execution_time,memory_usage,
RuleBased,679.79,236.6,4.84,238.6,100,11,89,0.1433308267593384,308474511.36,
PathFinding(BreadthFirst),513.31,25.77,4.8,12.78,100,56,44,5.891738154888153,325641789.44,
PathFinding(Greedy(heuristic: manhattan)),488.54,34.23,5.02,14.06,100,61,39,5.567279250621795,332449177.6,
PathFinding(Greedy(heuristic: euclidean)),486.67,28.73,7.27,15.66,100,61,39,5.540998365879059,335001600.0,
PathFinding(Greedy(heuristic: walkable_steps_in_matrix)),546.77,46.0,4.95,15.64,100,56,44,6.403291807174683,313542041.6,
PathFinding(UniformCost),420.28,21.07,5.2,12.18,100,66,34,4.910184998512268,315604992.0,
PathFinding(AStar(heuristic: manhattan)),417.63,37.04,5.53,13.6,100,67,33,4.884931535720825,318889984.0,
PathFinding(AStar(heuristic: euclidean)),464.9,36.38,4.46,13.11,100,61,39,5.382556474208831,321961984.0,
PathFinding(AStar(heuristic: walkable_steps_in_matrix)),392.84,38.09,4.2,14.7,100,69,31,4.710291984081269,325144576.0,
